"Type of sample","Mean Age men","SD Age men","n men"
"General Population","31.7029320492242","6.68092027822365","17038"
"Other","31.6936731565231","9.88087229802238","14347"
"Students","20.762084592145","3.12063444108761","1794"
