"Type of sample","Mean BMI women","SD BMI women","n women"
"Clinical","20.4992541436464","5.11364640883978","362"
"General Population","25.5474324324324","6.04581324567811","32953"
"Other","27.2485191347754","6.5188768718802","10949"
"Students","22.8007522052927","4.12574979951884","11159"
