"Type of sample","Mean Age women","SD Age women","n women"
"Clinical","23.9698066298343","7.65903314917127","362"
"General Population","33.0441803591899","9.65857003891051","33078"
"Other","23.4879203675345","3.87960796324655","11207"
"Students","20.3572192382812","2.65153198242187","10993"
