"Type of sample","Mean BMI men","SD BMI men","n men"
"General Population","25.85405355494","5.73459372114497","17038"
"Other","26.6217425227568","6.28227568270481","14347"
"Students","25.1309365558912","5.03416918429003","1794"
