"Type of sample","Mean Age women","SD Age women","n women"
"Clinical","23.9698066298343","7.65903314917127","362"
"General Population","32.682750655149","9.77558180919427","32953"
"Other","24.1067576564581","3.95109187749667","10949"
"Students","20.3607168141593","2.75625221238938","11159"
